{"cameraMode":{"drawMode":0,"name":"Shaded","section":"Shading Mode"},"sceneLighting":false,"audioPlay":false,"sceneViewState":{"m_AlwaysRefresh":false,"showFog":true,"showSkybox":true,"showFlares":true,"showImageEffects":true,"showParticleSystems":true,"showVisualEffectGraphs":true,"m_FxEnabled":true},"in2DMode":false,"pivot":{"x":-2.1928231716156008,"y":34.57209396362305,"z":120.62973022460938},"rotation":{"x":0.10927113890647888,"y":0.07857654988765717,"z":-0.008536240085959435,"w":0.9910257458686829},"size":13.585225105285645,"orthographic":false}